{"cameraMode":{"drawMode":0,"name":"Shaded","section":"Shading Mode"},"sceneLighting":false,"audioPlay":false,"sceneViewState":{"m_AlwaysRefresh":false,"showFog":true,"showSkybox":false,"showFlares":true,"showImageEffects":true,"showParticleSystems":true,"showVisualEffectGraphs":true,"m_FxEnabled":false},"in2DMode":false,"pivot":{"x":-4.677107334136963,"y":2.003999948501587,"z":0.0024968981742858888},"rotation":{"x":-0.11339496076107025,"y":0.8521989583969116,"z":-0.4670090675354004,"w":-0.2069215029478073},"size":1.5206047296524048,"orthographic":false}