{"cameraMode":{"drawMode":0,"name":"Shaded","section":"Shading Mode"},"sceneLighting":false,"audioPlay":false,"sceneViewState":{"m_AlwaysRefresh":false,"showFog":true,"showSkybox":false,"showFlares":true,"showImageEffects":true,"showParticleSystems":true,"showVisualEffectGraphs":true,"m_FxEnabled":false},"in2DMode":false,"pivot":{"x":0.4781504273414612,"y":-0.3311828076839447,"z":-0.20008203387260438},"rotation":{"x":-0.08893255889415741,"y":0.9031158685684204,"z":-0.2270437479019165,"w":-0.3535999357700348},"size":1.1660254001617432,"orthographic":false}