{"cameraMode":{"drawMode":0,"name":"Shaded","section":"Shading Mode"},"sceneLighting":false,"audioPlay":false,"sceneViewState":{"m_AlwaysRefresh":false,"showFog":true,"showSkybox":false,"showFlares":true,"showImageEffects":true,"showParticleSystems":true,"showVisualEffectGraphs":true,"m_FxEnabled":false},"in2DMode":false,"pivot":{"x":0.0007242169231176376,"y":-0.001543422695249319,"z":0.004464328289031982},"rotation":{"x":-0.15010271966457368,"y":0.5581320524215698,"z":-0.10344067215919495,"w":-0.8095373511314392},"size":0.01908421516418457,"orthographic":false}